<?xml version="1.0" encoding="UTF-8" ?>
<testconfiguration>
<tests />
<config-def id="AS_Test_Configuration">
<test timeout="100" name="Clients" />
<test timeout="100" name="Server" />
<test timeout="100" name="BrbUaTemplate" />
<test timeout="100" name="BrbUaStatus" />
<test timeout="100" name="BrbUaNodes" />
<test timeout="100" name="BrbUaAttributes" />
<test timeout="100" name="BrbUaVariantValues" />
<test timeout="100" name="BrbUaByteStrings" />
<test timeout="100" name="BrbUaLocalizedTexts" />
<test timeout="100" name="BrbUaQualifiedNames" />
<test timeout="100" name="BrbUaTimeAndDate" />
<test timeout="100" name="BrbUaAdditional" />
<test timeout="100" name="BrbUaServer" />
<test timeout="100" name="BrbUaRsT" />
<test timeout="100" name="BrbUaClient" />
<test timeout="100" name="BrbUaRcT" /></config-def>
<settings id="AS_Test_Setting" timeout="100" communication-protocol="http" port="80" host="http://127.0.0.1" />
<run StartTestsAfterTransfer="false" setting="AS_Test_Setting" configuration="AS_Test_Configuration" />
<filter result="true" failed="true" passed="false" info="false" skipped="true" timeoutdisabled="false" saveToConfig="true" />
</testconfiguration>