<?xml version="1.0" encoding="UTF-8" ?>
<testconfiguration>
<tests />
<config-def id="AS_Test_Configuration">
<test timeout="40" name="Clients" />
<test timeout="40" name="Server" />
<test timeout="40" name="BrbUaTemplate" />
<test timeout="40" name="BrbUaStatus" />
<test timeout="40" name="BrbUaNodes" />
<test timeout="40" name="BrbUaAttributes" />
<test timeout="40" name="BrbUaVariantValues" />
<test timeout="40" name="BrbUaByteStrings" />
<test timeout="40" name="BrbUaLocalizedTexts" />
<test timeout="40" name="BrbUaQualifiedNames" />
<test timeout="40" name="BrbUaTimeAndDate" />
<test timeout="40" name="BrbUaAdditional" />
<test timeout="40" name="BrbUaServer" />
<test timeout="40" name="BrbUaRsT" />
<test timeout="40" name="BrbUaClient" />
<test timeout="40" name="BrbUaRcT" />
<test timeout="40" name="BrbUaRcF" /></config-def>
<settings id="AS_Test_Setting" timeout="40" communication-protocol="http" port="80" host="http://127.0.0.1" />
<run StartTestsAfterTransfer="false" setting="AS_Test_Setting" configuration="AS_Test_Configuration" />
</testconfiguration>